sleep_hours,water_intake_ml,resting_hr,hrv,activity_level,stress_level,previous_sleep_hours,previous_water_intake_ml,previous_resting_hr,previous_hrv,previous_symptom_severity,sleep_3day_mean,water_3day_mean,hrv_3day_mean,symptom_3day_mean,sleep_7day_mean,water_7day_mean,hrv_7day_mean,symptom_7day_mean,hrv_change,resting_hr_change,symptom_change,sleep_deficit,hydration_deficit,hrv_3day_std,hrv_7day_std,symptom_3day_std,symptom_7day_std,sleep_3day_std,sleep_7day_std,water_3day_std,water_7day_std,target,error_type
7.991733486063382,2723.011072928599,79.54085528827797,43.38487972508591,5.534841542573501,5.269091256204658,7.981376479572355,2719.946067201222,79.73100420007637,43.15759831996945,5.215693012600229,7.978345742649866,2716.5544737177042,43.00405689194349,5.240290505281914,7.972400066364843,2714.534177666867,42.84975908652885,5.270615829378716,0.22728140511645667,-0.19014891179839633,-0.0429553264604811,0.027599933635157007,-214.53417766686667,7.96376684545152,8.616707106674841,0.5082795781151118,0.6627004453059143,0.6882922793913971,0.7459198424110649,346.50195234639915,377.06416213715727,flare_risk,true_negative
8.121411192214111,2589.367396593674,79.51338199513383,24.742092457420924,5.0608272506082725,6.776155717761557,8.124817518248175,2578.705596107056,78.4087591240876,26.0,7.381021897810219,8.142335766423358,2593.0608272506083,26.47161394971614,7.332481751824818,8.161735024910207,2598.4541594253274,26.97272042637006,7.181159193604449,-1.2579075425790753,1.1046228710462287,0.0802919708029197,-0.16173502491020733,-98.4541594253273,7.424160614710812,8.05745771762743,0.4655611900240643,0.6112565933610595,0.7276835468018086,0.764972896372652,352.9084578953622,385.02980195712803,flare_risk,false_positive
8.124402308326463,2626.4517724649627,78.84995877988459,42.20692497938994,5.54080791426216,5.7765869744435285,8.136603462489695,2623.3701566364384,79.08161582852432,41.840065952184666,6.650288540807915,8.134913437757625,2639.372904644133,42.50068700192361,6.536795823028305,8.152925254190711,2633.9912809641582,42.88025360185294,6.475555293840538,0.3668590272052762,-0.23165704863973618,0.1263808738664468,-0.1529252541907117,-133.99128096415814,7.844353153493134,8.499160545107863,0.5168714937152851,0.6466576560161021,0.713816873799666,0.7430222265816924,362.9605653762992,387.18125565241724,flare_risk,false_negative
8.07744,2714.7608,79.0864,21.3776,5.2864,6.8248,8.14632,2742.2088,77.7232,23.1464,7.6376,8.161533333333333,2748.0369333333333,23.5052,7.549506666666667,8.182744761904761,2759.18699047619,24.066009523809523,7.4053078095238085,-1.7688,1.3632,0.22136,-0.18274476190476185,-259.1869904761905,7.01515589890883,7.69951540557884,0.4715517934118498,0.5972881937671082,0.7020033473735096,0.7526106296168942,365.7500305387698,387.354065296444,flare_risk,true_positive
7.829924628233856,2810.9386840497045,81.85312690975759,43.95762884497861,5.5457323283764515,5.480342228559788,7.850152780607049,2811.2827459767773,81.68995722143002,44.14015074353229,4.426604196374007,7.847901812996537,2813.661607931011,44.27619338629728,4.408029469681537,7.848685844270485,2816.463695932641,44.32895653270475,4.423643308209411,-0.18252189855367693,0.16316968832756162,0.04648604603788959,0.15131415572951532,-316.4636959326407,8.018650960339832,8.664828100416367,0.5117109659856901,0.6651640237747114,0.6912548906987847,0.7478609020054974,345.3654875409187,376.2553847118888,dizziness_risk,true_negative
8.131528878822197,2633.0543601359004,77.97984144960363,40.3202718006795,5.4563986409966025,5.508040770101926,8.124077010192526,2632.951528878822,78.17984144960363,40.13114382785957,6.401381653454133,8.115341638354096,2630.3375990939976,39.90151000377501,6.420604001510004,8.113233025939708,2625.6106077765194,39.83977619586906,6.405270722105377,0.18912797281993204,-0.2,-0.06819932049830126,-0.1132330259397077,-125.61060777651944,7.851564502148828,8.516676885766497,0.5027343232852581,0.6533669984080015,0.6969774021472798,0.7508619833705454,349.8415213085896,380.7057529278749,dizziness_risk,false_positive
7.915419501133786,2729.0680272108843,81.10090702947846,39.791383219954646,5.464852607709751,5.600907029478458,7.869274376417233,2727.041950113379,80.48866213151928,40.240362811791385,4.767460317460317,7.912944066515496,2732.304610733182,40.55177626606198,4.747373393801965,7.922109653385164,2721.947864701436,40.55021056041465,4.767593132491092,-0.4489795918367347,0.6122448979591837,0.15884353741496599,0.07789034661483642,-221.94786470143612,7.550980512358215,8.254708169495808,0.5042120612796139,0.6554946468743326,0.6774068548628129,0.735152109233985,361.94727301781603,382.2269693562904,dizziness_risk,false_negative
8.171692111959286,2652.3409669211196,77.23409669211196,36.160941475826974,5.489185750636132,5.521946564885496,8.161545801526717,2650.6339058524172,77.41634860050891,35.98441475826972,6.70795165394402,8.16266433418151,2648.1807145886346,35.954675572519086,6.712399279050042,8.159937068338786,2649.6789864291773,35.8802094692839,6.704185371985945,0.1765267175572519,-0.18225190839694658,-0.017239185750636134,-0.1599370683387859,-149.67898642917726,7.657670827361394,8.30047473554758,0.4949781061381895,0.635060602617056,0.6949725107716687,0.7430026693708229,354.0940023006608,380.8005999302476,dizziness_risk,true_positive
7.870460157126824,2781.0594837261506,82.14859708193042,42.32098765432099,5.54635241301908,5.4859708193041525,7.870998877665545,2774.8763187429854,82.07901234567902,42.29046015712682,4.3900112233445565,7.874945753834642,2778.6353535353537,42.50130939019828,4.370493827160494,7.876754101865213,2781.680375180375,42.55831703276147,4.382392603281493,0.03052749719416386,0.06958473625140292,0.03663299663299663,0.12324589813478704,-281.68037518037517,7.9768983712173664,8.621145758655365,0.5144708070246222,0.667857459394727,0.6983176809569928,0.751982363354276,347.537992656318,377.2855109578762,fatigue_risk,true_negative
8.074191893278604,2655.9007183170856,77.97562852744997,40.57567983581324,5.469728065674705,5.51564905079528,8.091457157516675,2647.7932272960493,78.1323755772191,40.340687532067726,6.338301693175988,8.084244056781255,2644.6237814263727,40.167308021207454,6.35974858902001,8.077309242835154,2643.7201305920007,40.126448850448334,6.339224022087029,0.23499230374551053,-0.15674704976911236,-0.0478193945613135,-0.07730924283515354,-143.72013059200077,7.82710732986471,8.473806781080912,0.49636723105991903,0.6504637841077697,0.682813000884766,0.7449090165768923,349.7586288557605,379.7056032499053,fatigue_risk,false_positive
7.8484052532833015,2747.1200750469043,81.14446529080675,40.53939962476548,5.475609756097561,5.441838649155723,7.85140712945591,2758.878986866792,80.953095684803,40.69699812382739,4.6484990619136966,7.866010006253908,2761.336147592245,40.98780487804878,4.6053158223889925,7.871014696685429,2761.1318614312518,41.07936656839096,4.633679531850263,-0.1575984990619137,0.19136960600375236,0.08930581613508443,0.12898530331457164,-261.1318614312517,7.809113695895659,8.401369361068392,0.5066127758935982,0.6602495134081148,0.7000739300271049,0.747368048146712,356.5883009176967,377.4297822499433,fatigue_risk,false_negative
8.168023403714068,2670.8420249300434,77.34215212414144,38.83719155431188,5.4757059272449755,5.540829305520224,8.147901297379802,2681.19435258204,77.34673111167642,39.0371406766726,6.631264309336046,8.144691766302044,2678.664419570932,38.849317391673026,6.641270245060629,8.146647890395029,2673.2297537279983,38.7370437668835,6.640690542815957,-0.19994912236072246,-0.004578987534978377,-0.015008903586873566,-0.14664789039502854,-173.22975372799846,7.731425825237522,8.425375691502916,0.5000333864173042,0.6385254414917132,0.6955234681390452,0.7428843201953104,351.2323865705593,381.3216268675318,fatigue_risk,true_positive
8.012556159848664,2704.243871679672,79.49491605580515,42.039095136754156,5.509182627886814,5.429967683455506,8.011129502640499,2703.121620556475,79.57105698746749,41.94498305351935,5.529163710885158,8.009982659415149,2702.505425501169,41.90266939912246,5.533203278946954,8.008672807185457,2700.8051503789034,41.85405251719984,5.539504873755288,0.09411208323480728,-0.07614093166233152,-0.009064396626468038,-0.00867280718545792,-200.80515037890305,7.911714362870836,8.55974162878668,0.506939589966787,0.6574175588140848,0.6910483999912274,0.7455667964002826,349.10762137955635,378.58158785209326,fainting_risk,true_negative
8.05438596491228,2781.8918128654973,79.25730994152046,12.099415204678362,5.073099415204679,7.16374269005848,8.096491228070175,2819.5087719298244,77.45906432748538,13.742690058479532,7.842982456140351,8.073830409356725,2818.095029239766,14.466861598440547,7.77056530214425,8.095566694514062,2829.7518031189084,14.85934976329713,7.637590504037873,-1.6432748538011697,1.7982456140350878,0.18654970760233916,-0.09556669451406291,-329.7518031189084,6.454372127039596,7.2610531609408255,0.41820714478579574,0.558248340243694,0.7365259629304821,0.76326451435345,350.77052426937,388.1168669181302,fainting_risk,false_positive
8.237433155080215,2813.609625668449,74.81283422459893,19.06417112299465,5.775401069518717,6.251336898395722,8.21336898395722,2757.7967914438505,74.8663101604278,20.844919786096256,7.434224598930482,8.219696969696969,2783.8948306595366,20.762923351158644,7.353119429590017,8.237850776674305,2804.7031194295896,21.11520244461421,7.259439775910365,-1.7807486631016043,-0.053475935828877004,0.13850267379679146,-0.23785077667430607,-304.70311942959006,7.099211698068517,7.647487988667496,0.521743064213676,0.6295736180867914,0.6942735264506534,0.7632714081728983,389.5245666582638,391.9391807916284,fainting_risk,false_negative
7.915671641791045,2862.216417910448,80.63432835820896,11.455223880597014,5.08955223880597,7.559701492537314,7.9305970149253735,2906.179104477612,78.79850746268657,12.955223880597014,7.955223880597015,8.031592039800994,2909.813432835821,13.997512437810945,7.795771144278606,8.030385572139304,2925.8979388770435,15.24864960909737,7.676430348258706,-1.5,1.835820895522388,0.28582089552238804,-0.0303855721393035,-425.8979388770434,6.365886251424055,7.487405151647134,0.45038804956663187,0.5624965390500248,0.7756703680485272,0.8054866731685743,377.0561734562212,396.4302649748835,fainting_risk,true_positive
7.9000793335977795,2914.7089779188154,79.62924765304773,50.06148353827846,5.548195160650535,5.313632156551633,7.887372735686896,2858.932830887214,80.0178500595002,49.589580854158406,4.985561285204285,7.886608047952753,2858.3227334831854,49.559125567455595,4.994367314557715,7.884721262033836,2856.6951842617254,49.43140225282232,5.024294151350874,0.4719026841200582,-0.38860240645246596,-0.033452333730001324,0.11527873796616361,-356.69518426172533,8.191784335198099,8.809152440244937,0.5103997180188723,0.6623937603961101,0.6927962029243194,0.7493897667374048,348.6403691334791,378.9761745895343,need_to_hydrate,true_negative
8.22576018359151,2442.7934595524957,79.5530694205393,30.181870338496843,5.356855995410212,5.672403901319564,8.219104991394147,2483.9948364888123,79.46586345381526,30.37865748709122,6.44859437751004,8.191241155096577,2479.7461273666095,30.080034423407916,6.4618282654427235,8.185799797830779,2482.2861090620986,30.161318744365218,6.401386088571975,-0.19678714859437751,0.08720596672403902,-0.05484796328169822,-0.1857997978307789,17.713890937901265,7.452009212945931,8.15285747306606,0.49948426368342375,0.6526381042910083,0.6936904940733452,0.7478112881589801,345.5591299917254,377.86211321282536,need_to_hydrate,false_positive
7.949934810951761,2506.405475880052,79.66883963494134,41.14732724902216,5.529335071707953,5.586701434159061,8.016427640156454,2602.48370273794,78.96088657105607,42.07040417209909,5.3338983050847455,8.026097348978704,2605.768361581921,42.43046501521078,5.269209039548023,8.0130949276712,2597.434382566586,42.417958030669894,5.287299000434594,-0.9230769230769231,0.7079530638852672,0.16844850065189051,-0.013094927671198839,-97.43438256658595,7.886768712556838,8.623256923243073,0.5100085023286398,0.6610909138896361,0.6884468162908493,0.7380730422953626,362.36724431723616,384.82513862597625,need_to_hydrate,false_negative
8.186634116570033,2424.682636557827,78.86786695148001,24.353371986573084,5.44797070491303,5.847726579188282,8.202044552944766,2507.2001830942936,78.21818736649375,25.091852303936527,6.789807750991761,8.214052487030822,2509.2039975587427,25.18640016275048,6.774519377479401,8.222528445006322,2510.0388552247264,25.364869145705278,6.733658906956131,-0.7384803173634422,0.6496795849862679,0.07091852303936527,-0.2225284450063211,-10.038855224726445,7.254021405743179,7.954234430395446,0.4914729059543025,0.6317953455124232,0.6946087844962316,0.7426113740724897,352.5926704996595,379.07949429461405,need_to_hydrate,true_positive
7.920126926563917,2778.4752493200363,80.60834088848594,44.179873073436084,6.174977334542158,5.156844968268359,7.9089936536718035,2772.6632819582956,80.86146872166817,43.79383499546691,4.516572982774252,7.905043819885162,2774.001208824418,43.71622846781505,4.542650347537021,7.896676639468118,2772.4423580710613,43.54431075422009,4.592894486897207,0.386038077969175,-0.25312783318223026,-0.04832275611967362,0.10332336053188278,-272.4423580710616,8.037800054359886,8.675108170552786,0.5134421391608642,0.6696898738494153,0.6917230421123225,0.7487286128148999,349.0025665619132,377.81861712021947,need_to_rest,true_negative
8.07618694362018,2630.745178041543,78.89243323442136,39.99591988130564,5.308976261127596,5.677299703264095,8.06769287833828,2634.879080118694,78.93137982195846,39.96253709198813,6.355786350148368,8.071958456973293,2631.327584075173,39.83685707220574,6.360218842729971,8.07054904973859,2626.8812968065563,39.783842023456266,6.315310866186238,0.03338278931750742,-0.03894658753709199,-0.036016320474777444,-0.07054904973858979,-126.88129680655646,7.825243299483458,8.469020022739919,0.5004509394440668,0.6485270935655116,0.6895498824610476,0.7498912230899825,349.6507606186975,380.40925996332675,need_to_rest,false_positive
7.945100354191263,2708.56906729634,80.66351829988194,42.66115702479339,5.033057851239669,5.51948051948052,7.959149940968122,2723.6151121605667,80.33530106257379,42.938606847697756,4.993742621015348,7.968890200708382,2719.9313262495084,43.49901613537977,4.939334907516725,7.981530893349075,2712.4901866531736,43.70595097543149,4.958783662225221,-0.27744982290436837,0.3282172373081464,0.14085005903187722,0.018469106650924813,-212.49018665317365,7.7886436883477845,8.484420548690485,0.5069455008402894,0.6651069373294292,0.6811195544047589,0.736068937685966,345.957455880836,376.05706205329454,need_to_rest,false_negative
8.114771668219944,2670.0589468779126,78.024697110904,36.107409133271204,4.8371388630009315,5.848322460391426,8.130195712954334,2670.5820130475304,77.76654240447344,36.54683131407269,6.759832246039143,8.128902609506058,2671.13711556384,36.57649891270581,6.731935383659522,8.136658179115075,2674.7132100696754,36.73184329649847,6.691968834598145,-0.43942218080149115,0.2581547064305685,0.05994874184529357,-0.13665817911507563,-174.7132100696756,7.628516378188894,8.306642829220326,0.4944677082129914,0.6336365399353214,0.6994884869129608,0.7447143406401231,352.28913387762253,380.81115704610835,need_to_rest,true_positive
